Date,Symbol,Open,High,Low,Last,ChangePercent,Volumn,Money,Net5D,Net13D,Net34D,SMA5,SMA12,SMA26,MACD,MACD5,Vol5,RSI,RSI5
7/24/2018,NVD-W1,1.0,1.0,0.37,0.37,0.0,45181335,23498550,23498550,23498550.0,23498550.0,0.37,,,,,45181335.0,,
7/25/2018,NVD-W1,0.36,0.41,0.34,0.35,-5.41,10534319,3862470,27361020,27361020.0,27361020.0,0.36,,,,,27857827.0,,
7/26/2018,NVD-W1,0.35,0.38,0.32,0.32,-8.57,4871428,1706630,29067650,29067650.0,29067650.0,0.3466666666666667,,,,,20195694.0,,
7/31/2018,NVD-W1,0.33,0.34,0.28,0.28,-12.5,2550765,758910,29826560,29826560.0,29826560.0,0.33,,,,,15784461.75,,
8/1/2018,NVD-W1,0.28,0.28,0.24,0.24,-14.29,2850840,727240,30553800,30553800.0,30553800.0,0.312,,,,,13197737.4,,
8/2/2018,NVD-W1,0.24,0.26,0.23,0.24,0.0,4744000,1157550,8212800,31711350.0,31711350.0,0.286,,,,,5110270.4,,
8/3/2018,NVD-W1,0.24,0.24,0.21,0.21,-12.5,4459126,986260,5336590,32697610.0,32697610.0,0.258,,,,,3895231.8,,
8/6/2018,NVD-W1,0.22,0.22,0.17,0.17,-19.05,7523400,1434310,5064270,34131920.0,34131920.0,0.22799999999999998,,,,,4425626.2,,
8/7/2018,NVD-W1,0.17,0.18,0.16,0.16,-5.88,3511040,590020,4895380,34721940.0,34721940.0,0.20400000000000001,,,,,4617681.2,,
8/8/2018,NVD-W1,0.17,0.18,0.16,0.16,0.0,2722200,461890,4630030,35183830.0,35183830.0,0.188,,,,,4591953.2,,
8/9/2018,NVD-W1,0.17,0.19,0.16,0.17,6.25,5335980,931190,4403670,36115020.0,36115020.0,0.17400000000000002,,,,,4710349.2,,
8/10/2018,NVD-W1,0.18,0.22,0.15,0.18,5.88,7713216,1435950,4853360,37550970.0,37550970.0,0.168,0.23750000000000004,,,,5361167.2,,
8/14/2018,NVD-W1,0.18,0.19,0.17,0.18,0.0,1606744,286030,3705080,37837000.0,37837000.0,0.16999999999999998,0.22166666666666668,,,,4177836.0,,
8/15/2018,NVD-W1,0.19,0.2,0.17,0.18,0.0,2643600,481120,3596180,14819570.0,38318120.0,0.174,0.20750000000000002,,,,4004348.0,14.285714285714292,14.285714285714292
8/16/2018,NVD-W1,0.18,0.2,0.18,0.19,5.56,2074200,394110,3528400,11351210.0,38712230.0,0.18,0.19666666666666663,,,,3874748.0,21.42857142857143,17.85714285714286
8/17/2018,NVD-W1,0.19,0.21,0.19,0.2,5.26,3991300,792530,3389740,10437110.0,39504760.0,0.186,0.18999999999999997,,,,3605812.0,28.57142857142857,21.42857142857143
8/20/2018,NVD-W1,0.2,0.22,0.2,0.22,10.0,4591001,971410,2925200,10649610.0,40476170.0,0.194,0.18833333333333335,,,,2981369.0,35.71428571428572,25.000000000000004
8/21/2018,NVD-W1,0.21,0.22,0.2,0.21,-4.55,2274900,463800,3102970,10386170.0,40939970.0,0.2,0.18583333333333332,,,,3115000.2,35.71428571428572,27.142857142857146
8/22/2018,NVD-W1,0.21,0.21,0.2,0.2,-4.76,319000,64160,2686010,9292780.0,41004130.0,0.20400000000000001,0.18500000000000003,,,,2650080.2,35.71428571428572,31.428571428571434
8/23/2018,NVD-W1,0.2,0.24,0.2,0.21,5.0,8131980,1812100,4104000,10118620.0,42816230.0,0.20800000000000002,0.18833333333333332,,,,3861636.2,42.857142857142854,35.714285714285715
8/24/2018,NVD-W1,0.21,0.21,0.2,0.2,-4.76,1218102,250720,3562190,8935030.0,43066950.0,0.20800000000000002,0.19166666666666665,,,,3306996.6,42.857142857142854,38.57142857142858
8/27/2018,NVD-W1,0.2,0.22,0.2,0.2,0.0,1607400,334680,2925460,8679690.0,43401630.0,0.20400000000000001,0.19499999999999998,,,,2710276.4,42.857142857142854,40.00000000000001
8/28/2018,NVD-W1,0.21,0.21,0.2,0.2,0.0,3002520,610820,3072480,8828620.0,44012450.0,0.202,0.1975,,,,2855800.4,42.857142857142854,41.42857142857143
8/29/2018,NVD-W1,0.21,0.22,0.21,0.21,5.0,6566000,1403490,4411810,9300920.0,45415940.0,0.20400000000000001,0.19999999999999998,,,,4105200.4,50.0,44.285714285714285
8/30/2018,NVD-W1,0.22,0.25,0.22,0.25,19.05,6882900,1594880,4194590,9459850.0,47010820.0,0.21200000000000002,0.2058333333333333,,,,3855384.4,50.0,45.71428571428571
8/31/2018,NVD-W1,0.26,0.31,0.26,0.29,16.0,8803224,2530980,6474850,11704800.0,49541800.0,0.22999999999999998,0.215,0.22269230769230777,-0.0011396011396012373,-0.0011396011396012373,5372408.8,50.0,47.142857142857146
9/3/2018,NVD-W1,0.29,0.35,0.29,0.33,13.79,13276372,4268600,10408770,15492280.0,53810400.0,0.256,0.22666666666666666,0.22115384615384623,0.01334757834757827,0.006103988603988517,7706203.2,57.14285714285714,50.0
9/4/2018,NVD-W1,0.33,0.34,0.31,0.31,-6.06,8877900,2833600,12631550,17931770.0,56644000.0,0.278,0.23583333333333334,0.21961538461538466,0.020933048433048412,0.011047008547008482,8881279.2,57.14285714285714,52.857142857142854
9/5/2018,NVD-W1,0.31,0.32,0.3,0.3,-3.23,1971120,606300,11834360,17745540.0,57250300.0,0.29600000000000004,0.24249999999999997,0.21884615384615383,0.026488603988603976,0.014907407407407355,7962303.2,50.0,52.857142857142854
9/6/2018,NVD-W1,0.3,0.48,0.29,0.42,40.0,50534682,19999930,30239410,36774060.0,77250230.0,0.32999999999999996,0.25999999999999995,0.22423076923076923,0.045883190883190816,0.02110256410256405,16692659.6,50.0,52.857142857142854
9/7/2018,NVD-W1,0.42,0.45,0.42,0.43,2.38,13588880,5903680,33612110,42213940.0,83153910.0,0.358,0.2791666666666667,0.23153846153846153,0.056132478632478666,0.03255698005698003,17649790.8,50.0,52.857142857142854
9/10/2018,NVD-W1,0.44,0.61,0.44,0.56,30.23,50752410,27083230,56426740,69233010.0,110237140.0,0.404,0.30833333333333335,0.24384615384615385,0.07978632478632486,0.04584472934472934,25144998.4,57.14285714285714,52.857142857142854
9/11/2018,NVD-W1,0.56,0.58,0.52,0.57,1.79,15180000,8342750,61935890,75763660.0,118579890.0,0.45599999999999996,0.33916666666666667,0.25769230769230766,0.0938532763532764,0.06042877492877494,26405418.4,64.28571428571428,54.28571428571429
9/12/2018,NVD-W1,0.58,0.65,0.55,0.56,-1.75,37413960,22546740,83876330,98059680.0,141126630.0,0.508,0.36916666666666664,0.2726923076923077,0.10455128205128206,0.07604131054131055,33493986.4,57.14285714285714,55.71428571428571
9/13/2018,NVD-W1,0.58,0.59,0.55,0.58,3.57,8498400,4886720,68763120,102611720.0,122514800.0,0.54,0.4008333333333334,0.28884615384615386,0.11798433048433044,0.09046153846153848,25086730.0,64.28571428571428,58.57142857142857
9/14/2018,NVD-W1,0.58,0.66,0.55,0.56,-3.45,17702400,10663200,73522640,112664100.0,129315530.0,0.5660000000000001,0.43,0.3042307692307693,0.12682336182336174,0.10459971509971511,25909434.0,64.28571428571428,61.42857142857142
9/17/2018,NVD-W1,0.56,0.57,0.52,0.54,-3.57,2952400,1613850,48053260,112874460.0,129222750.0,0.562,0.45416666666666666,0.3184615384615385,0.13249999999999995,0.1151424501424501,16349432.0,64.28571428571428,62.85714285714285
9/18/2018,NVD-W1,0.55,0.62,0.54,0.55,1.85,6735700,3874760,43585270,115154340.0,132338600.0,0.558,0.4758333333333333,0.3326923076923078,0.13845441595441582,0.12406267806267798,14660572.0,64.28571428571428,62.85714285714285
9/19/2018,NVD-W1,0.56,0.57,0.53,0.53,-3.64,2069200,1141300,22179830,113764660.0,132752660.0,0.5520000000000002,0.4925,0.34615384615384615,0.13849715099715104,0.13085185185185183,7591620.0,57.14285714285714,62.85714285714285
9/20/2018,NVD-W1,0.54,0.56,0.53,0.53,0.0,1095500,589700,17882810,110085760.0,132184810.0,0.542,0.5108333333333334,0.3596153846153846,0.1415455840455841,0.1355641025641025,6111040.0,50.0,60.0
9/21/2018,NVD-W1,0.54,0.56,0.51,0.52,-1.89,1483820,799730,8019340,108051890.0,131998280.0,0.534,0.5291666666666668,0.3723076923076923,0.1445085470085471,0.13910113960113962,2867324.0,42.857142857142854,55.71428571428571
9/24/2018,NVD-W1,0.53,0.53,0.5,0.5,-3.85,389800,200380,6605870,107645970.0,130764350.0,0.526,0.5358333333333335,0.3838461538461538,0.1378703703703706,0.14017521367521374,2354804.0,42.857142857142854,51.42857142857142
9/25/2018,NVD-W1,0.49,0.5,0.47,0.47,-6.0,518200,249460,2980570,87895500.0,130423790.0,0.51,0.5391666666666667,0.3934615384615385,0.12939458689458688,0.13836324786324794,1111304.0,42.857142857142854,47.142857142857146
9/26/2018,NVD-W1,0.47,0.47,0.43,0.44,-6.38,986740,439060,2278330,82430880.0,130400960.0,0.492,0.5291666666666668,0.40230769230769226,0.11034900284900295,0.13273361823361832,894812.0,35.71428571428572,42.85714285714286
9/27/2018,NVD-W1,0.44,0.5,0.44,0.48,9.09,1720200,823140,2511770,56170790.0,130292910.0,0.48200000000000004,0.5216666666666668,0.4130769230769232,0.09722222222222232,0.12386894586894596,1019752.0,35.71428571428572,40.0
9/28/2018,NVD-W1,0.49,0.49,0.46,0.46,-4.17,566600,272850,1984890,48100890.0,129129810.0,0.47000000000000003,0.5133333333333334,0.42269230769230776,0.07967236467236471,0.11090170940170949,836308.0,28.57142857142857,37.142857142857146
10/1/2018,NVD-W1,0.46,0.47,0.46,0.46,0.0,97900,45720,1830230,25599870.0,128889500.0,0.462,0.5033333333333334,0.4326923076923078,0.06195156695156684,0.09571794871794874,777928.0,21.42857142857143,32.85714285714287
10/2/2018,NVD-W1,0.46,0.46,0.44,0.44,-4.35,80900,37000,1617770,20750150.0,128445380.0,0.45599999999999996,0.4933333333333334,0.441923076923077,0.04334757834757841,0.07850854700854705,690468.0,21.42857142857143,28.571428571428577
10/3/2018,NVD-W1,0.45,0.47,0.42,0.42,-4.55,1111300,488000,1666710,10574950.0,128539270.0,0.45199999999999996,0.48333333333333334,0.4503846153846155,0.025455840455840373,0.061529914529914534,715380.0,14.285714285714292,24.28571428571429
10/4/2018,NVD-W1,0.42,0.46,0.42,0.42,0.0,246700,104380,947950,9065480.0,127851120.0,0.44000000000000006,0.4725,0.45846153846153853,0.008810541310541264,0.04384757834757832,420680.0,14.285714285714292,20.000000000000004
10/5/2018,NVD-W1,0.42,0.42,0.4,0.42,0.0,152100,62240,737340,5252960.0,126941950.0,0.43200000000000005,0.4633333333333333,0.4650000000000001,-0.00500000000000006,0.026913105413105366,337780.0,14.285714285714292,17.142857142857146
10/8/2018,NVD-W1,0.41,0.41,0.39,0.39,-7.14,94100,36750,728370,4148410.0,126514900.0,0.418,0.45166666666666666,0.4688461538461539,-0.02082621082621089,0.01035754985754982,337020.0,7.142857142857139,14.285714285714288
10/9/2018,NVD-W1,0.39,0.4,0.37,0.37,-5.13,27100,10430,701800,3569140.0,126461170.0,0.404,0.43916666666666665,0.47038461538461546,-0.034423076923077,-0.005196581196581262,326260.0,7.142857142857139,11.42857142857143
10/10/2018,NVD-W1,0.36,0.4,0.36,0.4,8.11,194420,74640,288440,2844050.0,124723710.0,0.4,0.43083333333333335,0.4738461538461539,-0.042286324786324825,-0.0187450142450143,142884.0,14.285714285714292,11.42857142857143
10/11/2018,NVD-W1,0.32,0.38,0.32,0.35,-12.5,300400,104540,288600,2748210.0,124577530.0,0.386,0.42083333333333334,0.4757692307692309,-0.05651709401709415,-0.03181054131054138,153624.0,14.285714285714292,11.42857142857143
10/12/2018,NVD-W1,0.36,0.42,0.36,0.41,17.14,320520,123930,350290,2622680.0,124366780.0,0.384,0.4183333333333333,0.4753846153846155,-0.05349002849002865,-0.0415085470085471,187308.0,21.42857142857143,12.857142857142858
10/16/2018,NVD-W1,0.41,0.49,0.39,0.39,-4.88,647980,263420,576960,2447040.0,124019380.0,0.384,0.41083333333333333,0.47384615384615386,-0.060007122507122534,-0.04934472934472943,298084.0,21.42857142857143,15.714285714285717
10/17/2018,NVD-W1,0.4,0.42,0.38,0.38,-2.56,130999,52460,618990,1676360.0,122668350.0,0.38599999999999995,0.4041666666666666,0.466923076923077,-0.06003561253561268,-0.05446723646723657,318863.8,21.42857142857143,18.571428571428577
10/18/2018,NVD-W1,0.4,0.4,0.35,0.35,-7.89,328500,120590,664940,1524100.0,121194060.0,0.376,0.39499999999999996,0.4584615384615386,-0.06235042735042745,-0.058480056980057094,345679.8,14.285714285714292,18.571428571428577
10/19/2018,NVD-W1,0.34,0.36,0.31,0.32,-8.57,410800,136020,696420,1614400.0,118799100.0,0.37000000000000005,0.385,0.4492307692307694,-0.0646581196581198,-0.06010826210826222,367759.8,14.285714285714292,18.571428571428577
10/22/2018,NVD-W1,0.33,0.35,0.31,0.31,-3.12,206400,65720,638210,1643120.0,114596220.0,0.35000000000000003,0.3758333333333333,0.43884615384615394,-0.06359686609686621,-0.062129629629629736,344935.8,14.285714285714292,17.142857142857146
10/24/2018,NVD-W1,0.31,0.31,0.27,0.28,-9.68,220500,63890,438680,1219010.0,111826510.0,0.328,0.3641666666666667,0.42807692307692313,-0.06589031339031343,-0.06330626780626791,259439.8,14.285714285714292,15.714285714285719
10/25/2018,NVD-W1,0.28,0.31,0.28,0.31,10.71,206000,60990,447210,1175620.0,111281200.0,0.314,0.355,0.4192307692307693,-0.06306267806267812,-0.06391168091168101,274440.0,21.42857142857143,15.714285714285719
10/29/2018,NVD-W1,0.33,0.36,0.33,0.36,12.5,150500,49890,376510,1163270.0,91331160.0,0.316,0.3525,0.41192307692307695,-0.05442307692307702,-0.06232621082621091,238840.0,28.57142857142857,18.571428571428577
10/30/2018,NVD-W1,0.4,0.79,0.36,0.38,5.56,305800,121900,362390,1248420.0,85549380.0,0.328,0.3533333333333333,0.4061538461538462,-0.04678062678062689,-0.058750712250712336,217840.0,35.71428571428572,22.85714285714286
10/31/2018,NVD-W1,0.38,0.44,0.36,0.37,-2.63,471000,183440,480110,1421430.0,58649590.0,0.34,0.35083333333333333,0.4,-0.04399572649572653,-0.054830484330484396,270760.0,35.71428571428572,27.142857142857146
11/1/2018,NVD-W1,0.39,0.39,0.35,0.36,-2.7,160400,58930,475150,1405720.0,50365770.0,0.356,0.35166666666666674,0.3938461538461538,-0.038390313390313346,-0.049330484330484384,258740.0,35.71428571428572,31.428571428571434
11/2/2018,NVD-W1,0.37,0.38,0.36,0.37,2.78,227000,83950,498110,1385130.0,27902980.0,0.368,0.34833333333333333,0.38884615384615373,-0.03578347578347568,-0.04387464387464389,262940.0,35.71428571428572,34.28571428571429
11/5/2018,NVD-W1,0.39,0.39,0.35,0.37,0.0,85200,31640,479860,1292840.0,23047900.0,0.37,0.3466666666666667,0.38499999999999984,-0.03363247863247848,-0.039716524216524184,249880.0,35.71428571428572,35.71428571428572
11/6/2018,NVD-W1,0.37,0.41,0.37,0.37,0.0,220800,86100,444060,1115520.0,12470800.0,0.36800000000000005,0.3458333333333334,0.3823076923076921,-0.03184472934472915,-0.03672934472934464,232880.0,28.57142857142857,34.28571428571429
11/7/2018,NVD-W1,0.38,0.38,0.35,0.35,-5.41,78860,28220,288840,1091280.0,10885170.0,0.36400000000000005,0.3458333333333334,0.3773076923076922,-0.02881054131054117,-0.03369230769230756,154452.0,28.57142857142857,32.857142857142854
11/8/2018,NVD-W1,0.35,0.37,0.35,0.36,2.86,25400,8950,238860,979640.0,7019360.0,0.364,0.3491666666666667,0.37346153846153834,-0.02163105413105404,-0.030340455840455704,127452.0,35.71428571428572,32.85714285714286
11/9/2018,NVD-W1,0.32,0.4,0.32,0.33,-8.33,91160,30470,185380,874090.0,5908530.0,0.356,0.35083333333333333,0.3684615384615384,-0.017984330484330402,-0.02678062678062665,100284.0,35.71428571428572,32.85714285714286
11/12/2018,NVD-W1,0.37,0.39,0.35,0.35,6.06,774240,291880,445620,1100250.0,5610710.0,0.35200000000000004,0.3566666666666667,0.36499999999999994,-0.008247863247863196,-0.021703703703703593,238092.0,42.857142857142854,34.28571428571429
11/13/2018,NVD-W1,0.35,0.37,0.34,0.34,-2.86,68000,24120,383640,1060480.0,4835100.0,0.34600000000000003,0.3591666666666667,0.3619230769230769,-0.0040811965811965445,-0.01615099715099707,207532.0,42.857142857142854,37.142857142857146
11/14/2018,NVD-W1,0.35,0.35,0.29,0.29,-14.71,568000,175170,530590,1174660.0,4809890.0,0.334,0.35333333333333333,0.3569230769230769,-0.008376068376068357,-0.012064102564102508,305360.0,42.857142857142854,40.00000000000001
11/15/2018,NVD-W1,0.29,0.32,0.28,0.28,-3.45,592000,180180,701820,1304950.0,4740610.0,0.318,0.34500000000000003,0.35153846153846147,-0.011239316239316122,-0.009985754985754925,418680.0,35.71428571428572,40.00000000000001
11/16/2018,NVD-W1,0.29,0.3,0.27,0.27,-3.57,186900,52440,723790,1235490.0,4353990.0,0.306,0.3366666666666667,0.34692307692307683,-0.014814814814814725,-0.009351851851851788,437828.0,28.57142857142857,38.57142857142857
11/19/2018,NVD-W1,0.27,0.3,0.27,0.28,3.7,455500,130210,562120,1182260.0,3661060.0,0.29200000000000004,0.33,0.3434615384615384,-0.016452991452991395,-0.010992877492877428,374080.0,28.57142857142857,35.71428571428571
11/20/2018,NVD-W1,0.28,0.29,0.27,0.27,-3.57,173000,47360,585360,1170690.0,3435570.0,0.278,0.32166666666666666,0.3384615384615384,-0.019672364672364717,-0.014111111111111064,395080.0,28.57142857142857,32.857142857142854
11/21/2018,NVD-W1,0.27,0.28,0.27,0.28,3.7,57900,15940,426130,1102680.0,3405790.0,0.276,0.31416666666666665,0.3357692307692307,-0.022727920227920195,-0.01698148148148143,293060.0,35.71428571428572,31.428571428571434
11/22/2018,NVD-W1,0.28,0.3,0.26,0.28,0.0,367344,101530,347480,1172570.0,3470320.0,0.276,0.30666666666666664,0.33076923076923076,-0.024444444444444435,-0.019622507122507092,248128.8,28.57142857142857,30.0
11/23/2018,NVD-W1,0.27,0.27,0.26,0.27,-3.57,36900,9940,304980,1096410.0,2992260.0,0.276,0.3,0.3261538461538462,-0.02660968660968671,-0.02198148148148149,218128.8,28.57142857142857,30.0
11/26/2018,NVD-W1,0.27,0.27,0.26,0.26,-3.7,425200,110580,285350,1178770.0,2998460.0,0.272,0.29166666666666674,0.3215384615384616,-0.030185185185185204,-0.024727920227920253,212068.8,28.57142857142857,30.0
11/27/2018,NVD-W1,0.26,0.3,0.26,0.27,3.85,474800,130900,368890,1300720.0,3067120.0,0.272,0.28666666666666674,0.3184615384615385,-0.03076923076923077,-0.026947293447293463,272428.8,35.71428571428572,31.428571428571434
11/28/2018,NVD-W1,0.28,0.45,0.28,0.35,29.63,2061300,701690,1054640,1971940.0,3732060.0,0.28600000000000003,0.2866666666666667,0.31961538461538463,-0.02545584045584043,-0.02749287749287751,673108.8,35.71428571428572,31.428571428571434
11/29/2018,NVD-W1,0.34,0.35,0.3,0.32,-8.57,672200,224100,1177210,1904160.0,3945730.0,0.294,0.28500000000000003,0.32,-0.0296153846153846,-0.02852706552706554,734080.0,35.71428571428572,32.85714285714286
11/30/2018,NVD-W1,0.3,0.31,0.3,0.3,-6.25,46909,14090,1181360,1894130.0,3885180.0,0.3,0.28583333333333333,0.3207692307692308,-0.03121794871794875,-0.02944871794871795,736081.8,28.57142857142857,32.857142857142854
12/3/2018,NVD-W1,0.31,0.33,0.29,0.31,3.33,638360,197930,1268710,1916890.0,3978570.0,0.31,0.28833333333333333,0.3207692307692308,-0.028304843304843397,-0.02907264957264959,778713.8,35.71428571428572,34.28571428571429
12/4/2018,NVD-W1,0.31,0.32,0.3,0.3,-3.23,121200,37810,1175620,1774520.0,3892450.0,0.316,0.29083333333333333,0.3184615384615385,-0.024850427350427362,-0.027888888888888907,707993.8,35.71428571428572,34.28571428571429
12/6/2018,NVD-W1,0.3,0.31,0.3,0.3,0.0,24100,7250,481180,1729330.0,3636280.0,0.306,0.2924999999999999,0.3153846153846154,-0.02059116809116812,-0.026915954415954447,300553.8,35.71428571428572,34.28571428571429
12/7/2018,NVD-W1,0.3,0.31,0.29,0.29,-3.33,91400,27270,284350,1626390.0,3611090.0,0.3,0.29416666666666663,0.3123076923076923,-0.01712962962962966,-0.02441880341880346,184393.8,35.71428571428572,34.28571428571429
12/11/2018,NVD-W1,0.28,0.28,0.27,0.28,-3.45,89700,24760,295020,1603790.0,3515260.0,0.296,0.2941666666666667,0.3092307692307692,-0.015078347578347528,-0.021190883190883213,192952.0,28.57142857142857,34.28571428571429
12/12/2018,NVD-W1,0.28,0.29,0.28,0.28,0.0,221005,61890,158980,1649740.0,3441130.0,0.29,0.2941666666666667,0.3057692307692307,-0.01187321937321928,-0.01790455840455839,109481.0,28.57142857142857,32.857142857142854
12/13/2018,NVD-W1,0.28,0.36,0.28,0.29,3.57,2415700,767950,889120,2316160.0,4143360.0,0.288,0.29583333333333334,0.30269230769230765,-0.006816239316239314,-0.014297720797720782,568381.0,28.57142857142857,31.428571428571434
12/17/2018,NVD-W1,0.29,0.29,0.26,0.26,-3.7,262500,70140,952010,2376360.0,4149610.0,0.28,0.29583333333333334,0.29846153846153844,-0.005292022792022788,-0.011237891737891715,616061.0,28.57142857142857,30.0
12/18/2018,NVD-W1,0.27,0.28,0.27,0.28,7.69,126400,34140,958880,2299920.0,4122760.0,0.278,0.2966666666666667,0.2957692307692308,-0.0004985754985754598,-0.007911680911680874,623061.0,35.71428571428572,30.0
12/19/2018,NVD-W1,0.28,0.28,0.27,0.28,0.0,112600,30630,964750,2199650.0,4103500.0,0.278,0.29083333333333333,0.29269230769230775,-0.0025854700854701096,-0.00541310541310539,627641.0,35.71428571428572,31.428571428571434
12/20/2018,NVD-W1,0.27,0.27,0.26,0.26,-7.14,400000,106230,1009090,1604190.0,4087830.0,0.274,0.2858333333333334,0.29000000000000004,-0.005918803418803409,-0.004222222222222216,663440.0,28.57142857142857,31.428571428571434
12/21/2018,NVD-W1,0.27,0.27,0.26,0.26,0.0,12700,3310,244450,1383400.0,3907700.0,0.268,0.2825,0.2865384615384615,-0.005534188034188037,-0.00396581196581196,182840.0,21.42857142857143,30.0
12/24/2018,NVD-W1,0.27,0.27,0.25,0.25,-3.85,119300,30820,205130,1400130.0,3879590.0,0.266,0.2775,0.2830769230769231,-0.007357549857549883,-0.00437891737891738,154200.0,21.42857142857143,28.571428571428577
12/25/2018,NVD-W1,0.25,0.27,0.24,0.24,-4.0,154160,38600,209590,1240800.0,3834240.0,0.258,0.27249999999999996,0.2811538461538462,-0.010605413105413186,-0.006400284900284925,159752.0,21.42857142857143,25.714285714285715
12/26/2018,NVD-W1,0.25,0.25,0.24,0.24,0.0,8500,2120,181080,1205110.0,3804720.0,0.25,0.26750000000000007,0.27961538461538465,-0.013411680911680934,-0.00856552706552709,138932.0,14.285714285714292,21.42857142857143
12/28/2018,NVD-W1,0.26,0.26,0.23,0.24,-7.69,302606,72840,147690,1270700.0,3791460.0,0.246,0.2633333333333334,0.2784615384615385,-0.015868945868945827,-0.010555555555555573,119453.2,14.285714285714292,18.571428571428577
1/2/2019,NVD-W1,0.25,0.7,0.24,0.52,116.67,80946601,40625830,40770210,41869260.0,44389070.0,0.298,0.2833333333333334,0.2876923076923077,0.014843304843304927,-0.0064800569800569805,16306233.4,21.42857142857143,18.571428571428577
1/3/2019,NVD-W1,0.56,0.57,0.34,0.36,-30.77,63372878,29448330,70187720,71292830.0,73828450.0,0.32,0.29000000000000004,0.2911538461538462,0.0045156695156694515,-0.004105413105413114,28956949.0,21.42857142857143,18.571428571428577
1/4/2019,NVD-W1,0.39,0.41,0.35,0.39,8.33,28677200,10889840,81038960,82120780.0,84687820.0,0.35,0.2983333333333334,0.29538461538461547,0.010042735042735007,2.421652421652487e-05,34661557.0,28.57142857142857,20.000000000000004
1/7/2019,NVD-W1,0.4,0.41,0.33,0.35,-10.26,17621320,6606890,87643730,87959720.0,91002830.0,0.37200000000000005,0.30583333333333335,0.2980769230769231,0.0107051282051282,0.0048475783475783515,38184121.0,28.57142857142857,22.857142857142858
1/8/2019,NVD-W1,0.35,0.37,0.33,0.33,-5.71,10291200,3590390,91161280,91479970.0,94569100.0,0.39,0.31,0.3003846153846154,0.010498575498575469,0.01012108262108261,40181839.8,21.42857142857143,24.285714285714285
1/9/2019,NVD-W1,0.34,0.36,0.3,0.3,-9.09,7823020,2553520,53088970,93999350.0,96947450.0,0.34600000000000003,0.31166666666666665,0.30192307692307696,0.008091168091168055,0.008770655270655237,25557123.6,21.42857142857143,24.285714285714285
1/10/2019,NVD-W1,0.3,0.3,0.27,0.27,-10.0,3188800,895640,24536280,94864360.0,97662910.0,0.328,0.3125,0.30192307692307696,0.006403133903133851,0.009148148148148117,13520308.0,14.285714285714292,22.857142857142858
1/11/2019,NVD-W1,0.27,0.34,0.27,0.28,3.7,9624900,2869960,0,0.0,0.0,0.306,0.3141666666666667,0.29923076923076924,0.011103988603988646,0.009360398860398845,9709848.0,21.42857142857143,21.42857142857143
1/14/2019,NVD-W1,0.28,0.29,0.27,0.27,-3.57,2587700,714090,10623600,98338870.0,101064310.0,0.29000000000000004,0.31583333333333335,0.2973076923076924,0.013497150997150875,0.00991880341880338,6703124.0,21.42857142857143,20.000000000000004
1/15/2019,NVD-W1,0.28,0.32,0.28,0.29,7.41,9890500,2921810,9955020,101229860.0,103938760.0,0.28200000000000003,0.32,0.29692307692307696,0.018974358974358896,0.011613960113960065,6622984.0,28.57142857142857,21.42857142857143
1/16/2019,NVD-W1,0.29,0.31,0.29,0.29,0.0,7113800,2121620,9523120,103312880.0,106044440.0,0.28,0.32416666666666666,0.2961538461538462,0.023212250712250637,0.01463817663817658,6481140.0,28.57142857142857,22.857142857142858
1/17/2019,NVD-W1,0.3,0.3,0.27,0.27,-6.9,1765200,500650,9128130,103811410.0,106443560.0,0.28,0.32666666666666666,0.295,0.02480056980056977,0.018317663817663764,6196420.0,28.57142857142857,25.71428571428571
1/18/2019,NVD-W1,0.28,0.29,0.26,0.27,0.0,1969300,536580,6794750,104275150.0,106970200.0,0.278,0.30583333333333335,0.29384615384615387,0.008240740740740715,0.01774501424501418,4665300.0,28.57142857142857,27.142857142857146
1/21/2019,NVD-W1,0.28,0.3,0.27,0.28,3.7,3376600,958660,7039320,64607980.0,107818280.0,0.28,0.29916666666666675,0.29346153846153844,0.003753561253561355,0.015796296296296274,4823080.0,35.71428571428572,30.0
1/22/2019,NVD-W1,0.28,0.31,0.28,0.28,0.0,8553900,2504570,6622080,37664220.0,110191950.0,0.278,0.29000000000000004,0.2934615384615385,-0.004002849002848974,0.0112008547008547,4555760.0,28.57142857142857,30.0
1/23/2019,NVD-W1,0.29,0.3,0.29,0.29,3.57,3153000,914870,5415330,27689250.0,110405130.0,0.278,0.2850000000000001,0.2938461538461539,-0.00779202279202279,0.005000000000000016,3763600.0,35.71428571428572,31.428571428571434
1/24/2019,NVD-W1,0.3,0.41,0.3,0.37,27.59,26556000,9627140,14541820,30709500.0,119808170.0,0.29800000000000004,0.2883333333333334,0.29692307692307696,-0.0014387464387464188,-0.00024786324786322254,8721760.0,35.71428571428572,32.85714285714286
1/25/2019,NVD-W1,0.38,0.41,0.36,0.37,0.0,12211100,4759810,18765050,31878920.0,124553890.0,0.31800000000000006,0.2941666666666667,0.3011538461538462,-0.00042022792022794464,-0.0019800569800569544,10770120.0,35.71428571428572,34.28571428571429
1/28/2019,NVD-W1,0.38,0.38,0.34,0.36,-2.7,4767800,1710500,19516890,31035900.0,126066460.0,0.33399999999999996,0.3016666666666667,0.3042307692307693,0.002279202279202197,-0.002274928774928786,11048360.0,35.71428571428572,34.28571428571429
1/29/2019,NVD-W1,0.36,0.47,0.36,0.41,13.89,27633580,11553480,28565800,41693740.0,137582130.0,0.35999999999999993,0.31250000000000006,0.30923076923076925,0.010804843304843326,0.0006866096866096738,14864296.0,42.857142857142854,37.14285714285715
1/30/2019,NVD-W1,0.43,0.44,0.38,0.4,-2.44,6964598,2848450,30499380,41672230.0,140423330.0,0.382,0.32333333333333336,0.3146153846153847,0.014188034188034104,0.005082621082621053,15626615.6,42.857142857142854,38.57142857142858
1/31/2019,NVD-W1,0.41,0.41,0.38,0.4,0.0,7173400,2831730,23703970,43789870.0,143227790.0,0.388,0.3325,0.32000000000000006,0.016958689458689447,0.008762108262108225,11750095.6,35.71428571428572,38.57142857142858
2/1/2019,NVD-W1,0.4,0.42,0.36,0.36,-10.0,6549600,2570720,21514880,43438780.0,145773750.0,0.38599999999999995,0.3383333333333334,0.32423076923076927,0.014786324786324745,0.011803418803418763,10617795.6,35.71428571428572,38.57142857142858
2/4/2019,NVD-W1,0.37,0.39,0.35,0.36,0.0,4979200,1832100,21636480,43149260.0,147543960.0,0.38599999999999995,0.3458333333333334,0.3288461538461539,0.01685897435897432,0.014719373219373189,10660075.6,28.57142857142857,37.142857142857146
2/6/2019,NVD-W1,0.36,0.36,0.33,0.33,-8.33,2298200,800100,10883100,43448710.0,147576110.0,0.37,0.35083333333333333,0.3323076923076924,0.015491452991452881,0.0156566951566951,5592999.6,28.57142857142857,34.28571428571429
2/7/2019,NVD-W1,0.34,0.34,0.32,0.32,-3.03,2124200,700320,8734970,43612450.0,148206290.0,0.35400000000000004,0.3541666666666667,0.3353846153846155,0.01466524216524201,0.01575213675213668,4624920.0,28.57142857142857,31.428571428571434
2/8/2019,NVD-W1,0.32,0.33,0.32,0.32,0.0,851804,272820,6176060,42926610.0,148444970.0,0.338,0.35749999999999993,0.32769230769230784,0.02460826210826189,0.01728205128205117,3360600.8,28.57142857142857,30.0
2/11/2019,NVD-W1,0.31,0.32,0.3,0.3,-6.25,487500,150400,3755740,40572440.0,148564740.0,0.326,0.35833333333333334,0.32538461538461555,0.025854700854700707,0.01949572649572636,2148180.8,21.42857142857143,27.142857142857146
2/12/2019,NVD-W1,0.3,0.37,0.3,0.33,10.0,4345000,1476680,3400320,41134250.0,149935190.0,0.32,0.3549999999999999,0.3230769230769232,0.02756410256410241,0.02163675213675198,2021340.8,28.57142857142857,27.142857142857146
2/13/2019,NVD-W1,0.35,0.36,0.33,0.33,0.0,678200,233550,2833770,31740660.0,150165430.0,0.32,0.35166666666666657,0.3223076923076924,0.025455840455840317,0.023629629629629466,1697340.8,21.42857142857143,25.71428571428571
2/14/2019,NVD-W1,0.34,0.34,0.32,0.33,0.0,567900,188350,2321800,27169200.0,150322960.0,0.322,0.3491666666666666,0.3223076923076924,0.023340455840455743,0.025364672364672214,1386080.8,14.285714285714292,22.857142857142858
2/15/2019,NVD-W1,0.32,0.33,0.31,0.32,-3.03,131000,41310,2090290,25500010.0,150325670.0,0.322,0.3416666666666666,0.32307692307692315,0.0154843304843304,0.023539886039885917,1241920.0,14.285714285714292,20.000000000000004
2/18/2019,NVD-W1,0.33,0.35,0.32,0.34,6.25,951060,318720,2258610,14265250.0,150642270.0,0.33,0.33666666666666667,0.32576923076923087,0.01035612535612529,0.02044017094017083,1334632.0,21.42857142857143,20.000000000000004
2/20/2019,NVD-W1,0.35,0.35,0.3,0.3,-11.76,319800,101440,883370,11518240.0,150670870.0,0.324,0.3283333333333333,0.32653846153846167,-0.0005982905982907516,0.014807692307692199,529592.0,14.285714285714292,17.142857142857146
2/21/2019,NVD-W1,0.32,0.36,0.31,0.33,10.0,5565900,1895300,2545120,10581810.0,111940340.0,0.324,0.3258333333333333,0.32884615384615395,-0.0024572649572650596,0.009225071225071125,1507132.0,21.42857142857143,17.142857142857146
2/22/2019,NVD-W1,0.33,0.34,0.32,0.33,0.0,776100,254490,2611260,8265580.0,82746500.0,0.324,0.3233333333333333,0.33038461538461544,-0.005997150997151035,0.0033575498575497686,1548772.0,21.42857142857143,18.571428571428577
2/25/2019,NVD-W1,0.34,0.38,0.33,0.35,6.06,8053100,2862790,5432740,9296270.0,74719450.0,0.32999999999999996,0.325,0.33269230769230773,-0.00512820512820511,-0.0007649572649573333,3133192.0,28.57142857142857,21.42857142857143
2/26/2019,NVD-W1,0.35,0.35,0.33,0.33,-5.71,3087700,1072140,6186160,9568310.0,69184700.0,0.328,0.32583333333333336,0.335,-0.008155270655270663,-0.004467236467236524,3560520.0,28.57142857142857,22.857142857142858
2/27/2019,NVD-W1,0.34,0.35,0.34,0.34,3.03,2481320,849630,6934350,9717620.0,66443940.0,0.336,0.3275,0.33769230769230774,-0.008440170940170966,-0.0060356125356125665,3992824.0,35.71428571428572,27.142857142857146
2/28/2019,NVD-W1,0.34,0.37,0.34,0.35,2.94,5872900,2064070,7103120,11508870.0,65954490.0,0.34,0.3316666666666667,0.3403846153846154,-0.006609686609686527,-0.00686609686609686,4054224.0,42.857142857142854,31.428571428571427
3/1/2019,NVD-W1,0.35,0.35,0.32,0.32,-8.57,1933000,648280,7496910,12006750.0,65707130.0,0.338,0.33083333333333337,0.3419230769230769,-0.01113247863247857,-0.007893162393162368,4285604.0,42.857142857142854,35.714285714285715
3/4/2019,NVD-W1,0.33,0.35,0.32,0.33,3.12,2754380,926000,5560120,11456070.0,63763170.0,0.334,0.33083333333333337,0.34346153846153843,-0.011759259259259192,-0.009219373219373184,3225860.0,50.0,40.0
3/5/2019,NVD-W1,0.33,0.33,0.31,0.32,-3.03,1177700,376330,4864310,11598850.0,63425410.0,0.332,0.33,0.3415384615384615,-0.011481481481481481,-0.009884615384615348,2843860.0,42.857142857142854,42.85714285714286
3/6/2019,NVD-W1,0.32,0.32,0.31,0.31,-3.12,287005,90720,4105400,11501220.0,60594320.0,0.326,0.32916666666666666,0.33923076923076917,-0.010847578347578268,-0.010366096866096807,2404997.0,42.857142857142854,44.28571428571429
3/7/2019,NVD-W1,0.3,0.31,0.29,0.29,-6.45,1944400,566190,2607520,12026100.0,59038890.0,0.314,0.325,0.33653846153846145,-0.013475783475783376,-0.011739316239316178,1619297.0,42.857142857142854,44.28571428571429
3/8/2019,NVD-W1,0.29,0.29,0.29,0.29,0.0,81521,23640,1982880,11731020.0,58561880.0,0.308,0.32416666666666666,0.3319230769230768,-0.009907407407407365,-0.011494301994301936,1249001.2,42.857142857142854,44.28571428571429
3/11/2019,NVD-W1,0.29,0.3,0.28,0.29,0.0,309100,89240,1146120,11718820.0,58114540.0,0.3,0.32083333333333336,0.3276923076923076,-0.008810541310541209,-0.01090455840455834,759945.2,35.71428571428572,41.42857142857143
3/12/2019,NVD-W1,0.28,0.3,0.28,0.29,0.0,256400,74150,843940,9897670.0,57230030.0,0.294,0.3175,0.3234615384615384,-0.00771367521367522,-0.010150997150997088,575685.2,35.71428571428572,40.0
3/13/2019,NVD-W1,0.29,0.29,0.29,0.29,0.0,265000,76850,830070,9720030.0,54802310.0,0.29,0.31250000000000006,0.3207692307692307,-0.009451566951566848,-0.009871794871794803,571284.2,28.57142857142857,37.142857142857146
3/14/2019,NVD-W1,0.29,0.3,0.28,0.28,-3.45,86800,24660,288540,6881900.0,53912100.0,0.288,0.30833333333333335,0.31769230769230766,-0.010925925925925895,-0.009361823361823307,199764.2,28.57142857142857,34.28571428571429
3/15/2019,NVD-W1,0.29,0.29,0.25,0.26,-7.14,1183500,315160,580060,6124920.0,44600120.0,0.282,0.3016666666666667,0.315,-0.015669515669515688,-0.010514245014244972,420160.0,21.42857142857143,30.0
3/18/2019,NVD-W1,0.27,0.27,0.25,0.25,-3.85,898400,228480,719300,5503770.0,40068790.0,0.274,0.2933333333333333,0.31230769230769234,-0.021025641025641084,-0.012957264957264947,538020.0,21.42857142857143,27.142857142857146
3/19/2019,NVD-W1,0.26,0.27,0.26,0.26,4.0,178000,46530,691680,3486230.0,38404820.0,0.268,0.28833333333333333,0.31,-0.022321937321937324,-0.01587891737891737,522340.0,21.42857142857143,24.285714285714285
3/20/2019,NVD-W1,0.26,0.27,0.25,0.25,-3.85,281400,71120,685950,2909070.0,26922460.0,0.26,0.2816666666666667,0.30807692307692314,-0.02698005698005701,-0.0193846153846154,525620.0,14.285714285714292,21.42857142857143
3/21/2019,NVD-W1,0.25,0.28,0.25,0.26,4.0,217600,58300,719590,2041370.0,24132310.0,0.256,0.2766666666666666,0.30538461538461537,-0.027920227920227914,-0.022783475783475803,551780.0,21.42857142857143,20.000000000000004
3/25/2019,NVD-W1,0.26,0.26,0.25,0.25,-3.85,413700,104740,509170,1769780.0,21405320.0,0.254,0.27166666666666667,0.3023076923076923,-0.030099715099715096,-0.025669515669515686,397820.0,14.285714285714292,18.571428571428577
3/26/2019,NVD-W1,0.25,0.26,0.25,0.26,4.0,160300,40880,321570,1719940.0,18875480.0,0.256,0.2691666666666666,0.29961538461538456,-0.028924501424501425,-0.027249287749287754,250200.0,21.42857142857143,18.571428571428577
3/27/2019,NVD-W1,0.26,0.27,0.25,0.25,-3.85,168360,43670,318710,1197420.0,17087050.0,0.254,0.2658333333333333,0.2969230769230769,-0.03004985754985756,-0.0287948717948718,248272.0,21.42857142857143,18.571428571428577
3/28/2019,NVD-W1,0.26,0.27,0.26,0.27,8.0,279900,75380,322970,1249160.0,16362330.0,0.258,0.2641666666666667,0.2942307692307692,-0.027371794871794808,-0.02887321937321936,247972.0,28.57142857142857,21.42857142857143
4/1/2019,NVD-W1,0.26,0.27,0.25,0.27,0.0,44600,11600,171530,1097370.0,15400790.0,0.26,0.2625,0.29307692307692307,-0.027713675213675182,-0.028831908831908816,213372.0,28.57142857142857,22.857142857142858
4/2/2019,NVD-W1,0.26,0.26,0.26,0.26,-3.7,22400,5820,136470,1026340.0,15256210.0,0.262,0.26,0.29038461538461535,-0.02813390313390307,-0.028438746438746408,135112.0,28.57142857142857,25.71428571428571
4/3/2019,NVD-W1,0.27,0.27,0.25,0.25,-3.85,28100,7060,99860,1008740.0,13786590.0,0.26,0.2575,0.28730769230769226,-0.028198005698005568,-0.028293447293447238,108672.0,28.57142857142857,27.142857142857146
4/4/2019,NVD-W1,0.26,0.28,0.26,0.26,4.0,122140,32480,56960,726060.0,13585520.0,0.262,0.2575,0.2838461538461538,-0.02419515669515665,-0.027122507122507057,99428.0,35.71428571428572,30.0
4/5/2019,NVD-W1,0.25,0.32,0.25,0.28,7.69,8689460,2549640,2606600,3047220.0,15946810.0,0.264,0.26,0.2819230769230769,-0.01870370370370361,-0.025388888888888815,1781340.0,42.857142857142854,32.857142857142854
4/9/2019,NVD-W1,0.28,0.29,0.27,0.27,-3.57,1404600,387650,2982650,3388340.0,16293150.0,0.264,0.26083333333333336,0.2792307692307692,-0.016303418803418845,-0.02310683760683755,2053340.0,42.857142857142854,35.714285714285715
4/10/2019,NVD-W1,0.27,0.27,0.26,0.27,0.0,304000,79570,3056400,3396790.0,16054000.0,0.266,0.2625,0.2761538461538461,-0.012044159544159494,-0.019888888888888834,2109660.0,42.857142857142854,38.57142857142857
4/12/2019,NVD-W1,0.26,0.26,0.24,0.24,-7.69,904400,228160,3277500,3566650.0,16180720.0,0.264,0.2608333333333334,0.27307692307692305,-0.01299857549857536,-0.016849002849002793,2284920.0,35.71428571428572,40.00000000000001
4/17/2019,NVD-W1,0.24,0.26,0.24,0.25,4.17,482600,118180,3363200,3580090.0,14403600.0,0.262,0.2608333333333333,0.26999999999999996,-0.009351851851851833,-0.013880341880341828,2357012.0,42.857142857142854,41.42857142857143
4/18/2019,NVD-W1,0.24,0.25,0.24,0.24,-4.0,663200,164480,978040,3703690.0,14313590.0,0.254,0.2591666666666667,0.26692307692307693,-0.00871082621082614,-0.011881766381766334,751760.0,35.71428571428572,40.0
4/19/2019,NVD-W1,0.25,0.29,0.24,0.26,8.33,3363400,903420,1493810,4563440.0,12354220.0,0.252,0.26,0.26499999999999996,-0.004629629629629595,-0.009547008547008485,1143520.0,42.857142857142854,40.00000000000001
4/20/2019,NVD-W1,0.26,0.27,0.25,0.26,0.0,633700,164560,1578800,4652620.0,11446640.0,0.25,0.2591666666666666,0.26384615384615384,-0.004266381766381833,-0.007991452991452952,1209460.0,35.71428571428572,38.57142857142858
4/23/2019,NVD-W1,0.27,0.29,0.27,0.27,3.85,2230200,618230,1968870,5270850.0,11215240.0,0.256,0.25916666666666666,0.263076923076923,-0.0027564102564102133,-0.0059430199430199225,1474620.0,42.857142857142854,40.00000000000001
4/24/2019,NVD-W1,0.28,0.28,0.26,0.27,0.0,441140,120130,1970820,5379380.0,9271300.0,0.26,0.26,0.26230769230769224,-0.0013390313390312936,-0.004340455840455814,1466328.0,35.71428571428572,38.57142857142858
4/25/2019,NVD-W1,0.28,0.28,0.25,0.25,-7.41,189600,49220,1855560,5422780.0,8672240.0,0.262,0.26,0.26076923076923075,-0.0015099715099715083,-0.0029002849002848887,1371608.0,35.71428571428572,38.57142857142858
4/26/2019,NVD-W1,0.26,0.27,0.26,0.27,8.0,555700,145450,1097590,5561170.0,7891690.0,0.264,0.26083333333333336,0.2599999999999999,0.0015028490028490826,-0.001673789173789153,810068.0,42.857142857142854,38.57142857142858
4/29/2019,NVD-W1,0.26,0.27,0.25,0.25,-7.41,706200,178860,1111890,5707550.0,7694220.0,0.262,0.25833333333333336,0.2588461538461538,-0.001139601139601043,-0.0010484330484329951,824568.0,42.857142857142854,40.00000000000001
4/30/2019,NVD-W1,0.26,0.27,0.25,0.26,4.0,391900,101900,595560,3259810.0,7705400.0,0.26,0.2575,0.2588461538461538,-0.00104700854700851,-0.0007065527065526544,456908.0,42.857142857142854,40.00000000000001
5/2/2019,NVD-W1,0.26,0.28,0.26,0.27,3.85,588616,161400,636830,3033560.0,7300610.0,0.26,0.2575,0.2596153846153845,-0.0009615384615384026,-0.0006310541310540763,486403.2,42.857142857142854,41.42857142857143
5/3/2019,NVD-W1,0.28,0.28,0.27,0.27,0.0,401203,108830,696440,3062820.0,7385800.0,0.264,0.26,0.2599999999999999,0.0007977207977208911,-0.00016951566951559638,528723.8,42.857142857142854,42.857142857142854
5/7/2019,NVD-W1,0.27,0.28,0.25,0.28,3.7,615700,162920,713910,2997580.0,7459480.0,0.266,0.2625,0.26115384615384607,0.0026424501424502367,5.8404558404634434e-05,540723.8,50.0,44.285714285714285
5/9/2019,NVD-W1,0.26,0.27,0.25,0.25,-7.41,598000,153580,688630,3032980.0,7538910.0,0.266,0.26333333333333336,0.2607692307692307,0.0013105413105413688,0.0005484330484331168,519083.8,50.0,45.71428571428571
5/10/2019,NVD-W1,0.25,0.26,0.25,0.26,4.0,631800,160650,747380,3029150.0,7622710.0,0.266,0.26333333333333336,0.26115384615384607,0.0017521367521368125,0.0011082621082621814,567063.8,50.0,47.142857142857146
5/13/2019,NVD-W1,0.26,0.26,0.24,0.24,-7.69,671100,166730,752710,2292460.0,7764780.0,0.26,0.2616666666666667,0.2603846153846153,-0.000541310541310458,0.0011923076923077702,583560.6,50.0,48.57142857142857
5/14/2019,NVD-W1,0.23,0.24,0.22,0.22,-8.33,818900,186580,830460,2314480.0,7636200.0,0.25,0.2575,0.25923076923076915,-0.004594017094017022,0.00011396011396018757,667100.0,42.857142857142854,48.57142857142857
5/15/2019,NVD-W1,0.23,0.24,0.23,0.24,9.09,140300,32270,699810,1728520.0,7439990.0,0.242,0.25500000000000006,0.25807692307692304,-0.0040455840455839165,-0.0012236467236466432,572020.0,50.0,48.57142857142857
5/16/2019,NVD-W1,0.24,0.24,0.22,0.22,-8.33,204638,45390,591620,1653780.0,7438850.0,0.236,0.25250000000000006,0.2561538461538461,-0.0059757834757833694,-0.002680911680911591,493347.6,42.857142857142854,47.142857142857146
5/17/2019,NVD-W1,0.23,0.23,0.22,0.22,0.0,88000,19380,450350,1623940.0,7387110.0,0.22799999999999998,0.24833333333333338,0.2546153846153846,-0.008076923076923037,-0.00464672364672356,384587.6,42.857142857142854,45.714285714285715
5/21/2019,NVD-W1,0.23,0.23,0.21,0.21,-4.55,252300,54600,338220,1533090.0,7383410.0,0.22199999999999998,0.24500000000000002,0.25307692307692303,-0.010270655270655182,-0.006592592592592506,300827.6,42.857142857142854,44.28571428571429
5/22/2019,NVD-W1,0.22,0.23,0.21,0.22,4.76,104600,22110,173750,1376340.0,7300780.0,0.22199999999999998,0.24166666666666672,0.25153846153846154,-0.010868945868945823,-0.007847578347578266,157967.6,42.857142857142854,44.28571428571429
5/23/2019,NVD-W1,0.23,0.23,0.2,0.2,-9.09,671400,145560,287040,1420000.0,7405460.0,0.21400000000000002,0.23583333333333337,0.24846153846153846,-0.014551282051282005,-0.009948717948717883,264187.6,42.857142857142854,42.857142857142854
5/24/2019,NVD-W1,0.21,0.21,0.2,0.2,0.0,157000,31620,273270,1290220.0,7393410.0,0.21000000000000002,0.23000000000000007,0.24576923076923077,-0.016994301994301936,-0.012152421652421596,254660.0,35.71428571428572,41.42857142857143
5/27/2019,NVD-W1,0.2,0.2,0.2,0.2,0.0,182000,36400,290290,1217790.0,7354430.0,0.20600000000000002,0.22333333333333338,0.24307692307692308,-0.020142450142450086,-0.014565527065527006,273460.0,28.57142857142857,38.57142857142857
5/28/2019,NVD-W1,0.2,0.2,0.19,0.19,-5.0,821900,159870,395560,1214740.0,7514300.0,0.202,0.21833333333333335,0.24115384615384616,-0.02339031339031339,-0.017189458689458648,387380.0,28.57142857142857,35.71428571428571
5/29/2019,NVD-W1,0.19,0.22,0.19,0.22,15.79,1689100,356180,729630,1417340.0,7858880.0,0.202,0.215,0.24000000000000002,-0.02274928774928775,-0.019565527065527034,704280.0,28.57142857142857,32.857142857142854
5/30/2019,NVD-W1,0.22,0.22,0.2,0.22,0.0,255400,53810,637880,1310500.0,7906870.0,0.20600000000000002,0.21333333333333335,0.23923076923076922,-0.023447293447293405,-0.021344729344729314,621080.0,28.57142857142857,30.0
5/31/2019,NVD-W1,0.21,0.25,0.21,0.21,-4.55,1682600,379360,985620,1523130.0,8279170.0,0.20800000000000002,0.2125,0.2373076923076923,-0.02316951566951564,-0.022579772079772055,926200.0,21.42857142857143,27.142857142857146
6/4/2019,NVD-W1,0.21,0.22,0.21,0.21,0.0,244400,51920,1001140,1388470.0,8298610.0,0.21000000000000002,0.21,0.23538461538461541,-0.023504273504273532,-0.02325213675213674,938680.0,21.42857142857143,25.71428571428571
6/5/2019,NVD-W1,0.21,0.21,0.21,0.21,0.0,85400,17930,859200,1374130.0,5766900.0,0.21400000000000002,0.20916666666666664,0.2330769230769231,-0.022072649572649594,-0.022988603988603983,791380.0,21.42857142857143,24.285714285714285
6/10/2019,NVD-W1,0.2,0.21,0.2,0.21,5.0,34500,7010,510030,1335750.0,5386260.0,0.21200000000000002,0.20833333333333334,0.2307692307692308,-0.020641025641025657,-0.022566951566951564,460460.0,21.42857142857143,22.857142857142858
6/11/2019,NVD-W1,0.2,0.21,0.19,0.21,0.0,80600,16070,472290,1332440.0,5322760.0,0.21000000000000002,0.20833333333333334,0.22923076923076927,-0.019216524216524228,-0.02172079772079773,425500.0,21.42857142857143,21.42857142857143
6/12/2019,NVD-W1,0.21,0.21,0.2,0.2,-4.76,108600,22720,115650,1300560.0,5117320.0,0.20800000000000002,0.20666666666666667,0.22653846153846155,-0.018931623931623953,-0.02087321937321939,110700.0,21.42857142857143,21.42857142857143
6/13/2019,NVD-W1,0.21,0.21,0.2,0.21,5.0,42260,8460,72190,1286910.0,5007600.0,0.20800000000000002,0.20750000000000002,0.22500000000000003,-0.016004273504273497,-0.019373219373219387,70272.0,28.57142857142857,22.857142857142858
6/14/2019,NVD-W1,0.2,0.2,0.19,0.19,-9.52,66600,13120,67380,1154470.0,4856240.0,0.20400000000000001,0.20666666666666667,0.22230769230769237,-0.015811965811965895,-0.018121082621082647,66512.0,21.42857142857143,22.857142857142858
6/17/2019,NVD-W1,0.2,0.23,0.2,0.2,5.26,2132600,459700,520070,1582550.0,4412520.0,0.202,0.20666666666666667,0.21961538461538468,-0.012521367521367593,-0.016497150997151034,486132.0,28.57142857142857,24.285714285714285
6/18/2019,NVD-W1,0.22,0.3,0.22,0.25,25.0,41631932,10905950,11409950,12452100.0,15153910.0,0.21000000000000002,0.21166666666666667,0.21884615384615394,-0.003589743589743649,-0.013371794871794917,8796398.4,35.71428571428572,27.142857142857146
6/19/2019,NVD-W1,0.25,0.26,0.22,0.23,-8.0,13136100,3066920,14454150,15359150.0,17602600.0,0.21600000000000003,0.2125,0.21692307692307702,-0.0026994301994303083,-0.01012535612535619,11401898.4,35.71428571428572,30.0
6/20/2019,NVD-W1,0.23,0.23,0.2,0.2,-13.04,5136386,1063700,15509390,16066670.0,18546170.0,0.21400000000000002,0.21083333333333332,0.21500000000000005,-0.004722222222222294,-0.007868945868945949,12420723.6,35.71428571428572,31.428571428571434
6/21/2019,NVD-W1,0.2,0.21,0.2,0.21,5.0,1858103,377420,15873690,16390280.0,18874370.0,0.21800000000000003,0.21083333333333334,0.2130769230769231,-0.002143874643874666,-0.005135327635327702,12779024.2,35.71428571428572,34.28571428571429
6/24/2019,NVD-W1,0.2,0.21,0.2,0.2,-4.76,1639460,334710,15748700,16345630.0,19063630.0,0.21799999999999997,0.21,0.21153846153846162,-0.002222222222222292,-0.003075498575498642,12680396.2,35.71428571428572,35.71428571428572
6/25/2019,NVD-W1,0.21,0.22,0.2,0.2,0.0,2726500,554970,5397720,16848680.0,19439740.0,0.20800000000000002,0.2091666666666667,0.2107692307692308,-0.0022150997150997,-0.002800569800569852,4899309.8,35.71428571428572,35.71428571428572
6/27/2019,NVD-W1,0.2,0.2,0.19,0.19,-5.0,731100,145520,2476320,16976270.0,19483360.0,0.2,0.20750000000000002,0.2088461538461539,-0.002642450142450181,-0.002789173789173827,2418309.8,35.71428571428572,35.71428571428572
6/28/2019,NVD-W1,0.2,0.2,0.19,0.2,5.26,1515200,288680,1701300,17257940.0,19610640.0,0.2,0.20666666666666667,0.2080769230769231,-0.0018376068376068644,-0.002212250712250741,1694072.6,42.857142857142854,37.14285714285715
7/1/2019,NVD-W1,0.19,0.19,0.19,0.19,-5.0,1013000,192470,1516350,17434340.0,19694280.0,0.196,0.20583333333333334,0.206923076923077,-0.002272079772079827,-0.002237891737891773,1525052.0,35.71428571428572,37.14285714285715
7/2/2019,NVD-W1,0.19,0.2,0.18,0.18,-5.26,959220,175550,1357190,17587170.0,19706910.0,0.192,0.20333333333333334,0.20576923076923082,-0.0041168091168091725,-0.002616809116809149,1389004.0,35.71428571428572,37.14285714285715
7/3/2019,NVD-W1,0.19,0.19,0.18,0.18,0.0,697007,125640,927860,17704350.0,19678970.0,0.188,0.2025,0.20423076923076924,-0.0033974358974359353,-0.002853276353276396,983105.4,35.71428571428572,37.14285714285715
7/4/2019,NVD-W1,0.18,0.19,0.18,0.18,0.0,4740460,871430,1653770,18562660.0,20389750.0,0.186,0.20083333333333334,0.2034615384615385,-0.004095441595441646,-0.003143874643874689,1784977.4,28.57142857142857,35.71428571428572
7/5/2019,NVD-W1,0.18,0.2,0.18,0.19,5.56,6969500,1345070,2710160,19448030.0,21568090.0,0.184,0.1958333333333333,0.20307692307692313,-0.007172364672364762,-0.004210826210826269,2875837.4,35.71428571428572,34.28571428571429
7/8/2019,NVD-W1,0.2,0.21,0.19,0.2,5.26,5092400,1033590,3551280,9575670.0,22415100.0,0.186,0.19333333333333333,0.2030769230769231,-0.0084900284900285,-0.0054544159544160035,3691717.4,35.71428571428572,34.28571428571429
7/9/2019,NVD-W1,0.21,0.22,0.19,0.21,5.0,6099580,1247780,4623510,7756530.0,23630610.0,0.192,0.19416666666666663,0.20384615384615387,-0.0076994301994302294,-0.006170940170940215,4719789.4,35.71428571428572,34.28571428571429
7/10/2019,NVD-W1,0.23,0.24,0.22,0.22,4.76,7284020,1666610,6164480,8359440.0,25251830.0,0.2,0.19499999999999998,0.20384615384615384,-0.006196581196581175,-0.006730769230769262,6037192.0,42.857142857142854,35.714285714285715
7/11/2019,NVD-W1,0.23,0.24,0.22,0.22,0.0,1806440,411540,5704590,8393560.0,25643990.0,0.20800000000000002,0.19666666666666666,0.20384615384615384,-0.0047863247863247915,-0.006868945868945891,5450388.0,42.857142857142854,38.57142857142858
7/12/2019,NVD-W1,0.22,0.22,0.21,0.22,0.0,1692960,365120,4724640,8423970.0,25954510.0,0.21400000000000002,0.19833333333333333,0.20423076923076924,-0.003732193732193745,-0.006180911680911688,4395080.0,35.71428571428572,38.57142857142858
7/15/2019,NVD-W1,0.22,0.23,0.21,0.22,0.0,997100,219390,3910440,8088390.0,26151790.0,0.21800000000000003,0.20083333333333334,0.20461538461538462,-0.001972934472934451,-0.0048774928774928785,3576020.0,35.71428571428572,38.57142857142858
7/17/2019,NVD-W1,0.22,0.23,0.21,0.21,-4.55,1506000,322080,2984740,8264950.0,26328310.0,0.21800000000000003,0.20166666666666666,0.2046153846153846,-0.0020655270655270397,-0.0037507122507122403,2657304.0,35.71428571428572,38.57142857142858
7/18/2019,NVD-W1,0.21,0.22,0.21,0.22,4.76,820000,172400,1490530,8148670.0,26469090.0,0.21800000000000003,0.2041666666666667,0.20500000000000002,0.0004914529914529786,-0.0024131054131054097,1364500.0,42.857142857142854,38.57142857142858
7/19/2019,NVD-W1,0.22,0.23,0.21,0.22,0.0,1268200,279040,1358030,8235240.0,26711730.0,0.21800000000000003,0.20750000000000002,0.20538461538461533,0.0029558404558405194,-0.0008646723646723476,1256852.0,35.71428571428572,37.14285714285715
7/22/2019,NVD-W1,0.23,0.26,0.22,0.24,9.09,11685600,2846460,3839370,10906150.0,29398320.0,0.22199999999999998,0.2125,0.20692307692307693,0.007357549857549828,0.001353276353276367,3255380.0,42.857142857142854,38.57142857142858
7/23/2019,NVD-W1,0.25,0.26,0.23,0.25,4.17,4034720,987850,4607830,11768360.0,30029990.0,0.22800000000000004,0.21833333333333335,0.20846153846153845,0.011666666666666686,0.004081196581196595,3862904.0,50.0,41.42857142857143
7/24/2019,NVD-W1,0.25,0.26,0.24,0.24,-4.0,2690200,670950,4956700,11567880.0,30647130.0,0.23399999999999999,0.2225,0.21038461538461542,0.012613960113960071,0.007017094017094017,4099744.0,50.0,44.28571428571429
7/25/2019,NVD-W1,0.25,0.25,0.23,0.23,-4.17,1701600,396900,5181200,10619710.0,30664670.0,0.236,0.22499999999999998,0.21153846153846162,0.012863247863247801,0.009491452991452981,4276064.0,50.0,45.714285714285715
7/26/2019,NVD-W1,0.23,0.23,0.21,0.22,-4.35,1383700,300820,5202980,9886940.0,30913570.0,0.236,0.22583333333333333,0.21038461538461542,0.013839031339031305,0.011668091168091138,4299164.0,42.857142857142854,47.142857142857146
7/30/2019,NVD-W1,0.21,0.21,0.2,0.2,-9.09,764680,154390,2510910,8793550.0,31050030.0,0.22799999999999998,0.2241666666666667,0.20923076923076928,0.011901709401709398,0.012576923076923052,2114980.0,35.71428571428572,45.714285714285715
7/31/2019,NVD-W1,0.21,0.21,0.19,0.2,0.0,2405300,460710,1983770,7587650.0,31503730.0,0.21799999999999997,0.22250000000000006,0.20923076923076928,0.010491452991453015,0.012341880341880319,1789096.0,28.57142857142857,41.42857142857143
8/1/2019,NVD-W1,0.19,0.2,0.18,0.19,-5.0,1518300,288470,1601290,7464580.0,31776130.0,0.20800000000000002,0.22,0.20846153846153853,0.008290598290598222,0.011477207977207948,1554716.0,21.42857142857143,35.71428571428572
8/2/2019,NVD-W1,0.19,0.19,0.19,0.19,0.0,392700,74610,1279000,7174070.0,31828020.0,0.2,0.21750000000000003,0.20807692307692316,0.006531339031338984,0.010210826210826186,1292936.0,21.42857142857143,30.0
8/5/2019,NVD-W1,0.19,0.19,0.18,0.19,0.0,253800,47420,1025600,7002100.0,31866980.0,0.194,0.21583333333333332,0.2076923076923078,0.005477207977207882,0.0085384615384615,1066956.0,21.42857142857143,25.714285714285715
8/6/2019,NVD-W1,0.19,0.19,0.18,0.19,0.0,389140,72100,943310,6752120.0,31925960.0,0.192,0.2133333333333333,0.20769230769230781,0.0033618233618231963,0.00683048433048426,991848.0,21.42857142857143,22.857142857142858
8/7/2019,NVD-W1,0.18,0.19,0.18,0.19,0.0,144100,26830,509430,6606550.0,31493090.0,0.19,0.21083333333333332,0.20730769230769244,0.001602564102563958,0.005052706552706449,539608.0,21.42857142857143,21.42857142857143
8/8/2019,NVD-W1,0.19,0.19,0.18,0.18,-5.26,425000,76700,297660,6404210.0,20663840.0,0.188,0.2058333333333333,0.20692307692307702,-0.0030698005698006903,0.002780626780626666,320948.0,14.285714285714292,20.000000000000004
8/9/2019,NVD-W1,0.18,0.19,0.18,0.18,0.0,130200,23440,246490,3581190.0,17620360.0,0.186,0.19999999999999998,0.20692307692307702,-0.008005698005698114,-0.00012678062678075363,268448.0,14.285714285714292,18.571428571428577
8/13/2019,NVD-W1,0.17,0.19,0.17,0.17,-5.56,402240,68440,267510,2661780.0,16625100.0,0.182,0.19416666666666663,0.20653846153846162,-0.013383190883190982,-0.0038988603988605263,298136.0,7.142857142857139,15.714285714285717
8/14/2019,NVD-W1,0.18,0.18,0.14,0.14,-17.65,3538500,528150,723560,2518980.0,16775830.0,0.17200000000000001,0.18666666666666665,0.20500000000000004,-0.020698005698005756,-0.008710826210826316,928008.0,0.0,11.42857142857143
